0,Anonymous
5,Gilbert Melki
7,Bernard Goutta
9,Michel Platini
31,Hugo Lloris
33,Laurent Koscielny
55,Mickaël Landreau
63,Aly Cissokho
65,Sambou Yatabaré
88,Adèle Haenel
90,Julie Depardieu
91,Sylvie Testud
95,Jean-Pierre Jouyet
96,Bérénice Marlohe
112,Rachida Brakni
113,Bertrand Delanoë
117,Anaïs Demoustier
119,Olivier Besancenot
132,Mylène Jampanoï
143,Aurore Clément
173,Corinne Marchand
184,Pierre-François Martin-Laval
201,Michel Legrand
203,MC Jean Gab'1
205,Catherine Deneuve
211,Luc Besson
231,Jean-Hugues Anglade
241,Jean Reno
243,Charlotte de Turckheim
258,Benoît Magimel
265,Jean-Luc Lemoine
267,Samuel Le Bihan
271,Michèle Morgan
274,Gad Elmaleh
282,Angélique Boyer
285,Philippine Leroy-Beaulieu
287,Jean-Luc Reichmann
294,Anna Karina
299,Guillaume Canet
304,Emmanuelle Seigner
309,François Cluzet
311,Marc Lavoine
321,J. B. Blanc
331,Philippe Katerine
334,Elizabeth Debicki
337,Karin Viard
344,Fabrice Luchini
346,Mathieu Kassovitz
354,Frédéric Beigbeder
357,Clovis Cornillac
363,Julie de Bona
367,Camille de Pazzis
369,Olivier Martinez
371,Dany Boon
376,Michaël Youn
385,Mathilde Seigner
399,Muriel Robin
400,Béatrice Dalle
421,Laurent Lafitte
425,Marc Levy
427,Alexa Davalos
435,Pierre-Ange Le Pogam
437,Sebastian Roché
444,Saïd Taghmaoui
449,Jacky Ido
463,Danielle De Metz
471,Marina Foïs
477,Albert Dupontel
478,Mareva Galanter
529,Audrey Lamy
537,Franck Dubosc
542,Ariane Labed
546,Jean-Claude Flamand Barny
547,Géraldine Nakache
553,Dominique Lavanant
554,Dany Brillant
559,Mimie Mathy
564,Delphine Chanéac
588,Karen Cheryl
609,Léa Drucker
610,Denis Podalydès
616,Alessandra Martines
634,Hubert-Félix Thiéfaine
635,Maxime Le Forestier
637,Chris Evans
645,M. Pokora
651,Ben l'Oncle Soul
654,Christophe Maé
732,Thomas Fersen
736,Emma Daumas
743,Thomas Dutronc
769,Robert Downey Jr.
771,Lil Wayne
774,Stevie Wonder
775,Lana Del Rey
789,Jean-Jacques Goldman
797,Christina Aguilera
806,Martina Navratilova
807,Sachin Tendulkar
812,Clara Hughes
817,John McEnroe
826,Pelé
836,Andrés Iniesta
839,Sergio Agüero
854,Mario Götze
859,Cesc Fàbregas
862,Yaya Touré
866,Kevin De Bruyne
870,Iker Casillas
879,Ivan Rakitic
884,Juan Mata
891,David Alaba
895,André Schürrle
911,Daniele De Rossi
914,Harry Kane
921,Roberto Carlos da Silva
933,Christian Eriksen
937,Mario Mandžukić
938,Claudio Bravo
946,Stéphane Audeguy
947,François Bégaudeau
969,Boualem Sansal
994,Philippe Forest
1004,Luke Bryan
1011,Jana Kramer
1017,Marie NDiaye
1021,Adele
1027,Ellie Goulding
1039,J. Cole
1042,Wiz Khalifa
1046,Missy Elliott
1048,Ed Sheeran
1064,Marcelo Vieira da Silva Júnior
1074,Luka Modric
1083,François Trinh-Duc
1086,Jean-Baptiste Élissalde
1089,Frédéric Michalak
1091,Morgan Parra
1099,Aurélien Rougerie
1103,Louis Picamoles
1121,Fulgence Ouedraogo
1125,Dimitri Yachvili
1128,Christophe Dominici
1133,Alexandre Dumoulin
1140,Serge Betsen
1148,André-Pierre Gignac
1156,Lionel Beauxis
1170,Julien Dupuy
1196,Michal Martikan
1203,Danuta Kozak
1250,Yelena Isinbayeva
1251,Federica Pellegrini
1252,Tiago Camilo
1256,Andy Murray
1257,Nicolas Massu
1258,Maria Sharapova
1260,Gilberto Godoy Filho
1266,Natalie Coughlin
1302,Phil Mickelson
1305,Eli Manning
1311,Sebastian Vettel
1335,Albert Pujols
1366,Enrique Iglesias
1388,Emmanuel Macron
1393,Enrique Peña Nieto
1403,François Hollande
1408,Jared Leto
1414,Scott Eastwood
1416,Margot Robbie
1417,Adam Beach
1419,Nicolas Sarkozy
1428,Jai Courtney
1431,Alex Meraz
1441,Chad Michael Murray
1471,Kathy Fortine
1495,George Kennedy
1504,Michael Weatherly
1524,Emilia Clarke
1527,Benedict Cumberbatch
1530,Peter Dinklage
1532,Idris Elba
1541,Kyle Chandler
1555,Liev Schreiber
1582,Kevin Spacey
1587,Maura Tierney
1599,Robin Wright
1607,Hugh Laurie
1618,Kate Mckinnon
1651,Cedric the Entertainer
1652,Lise Slabber
1653,Carsten Norgaard
1659,Doug Miro
1660,Mel Rodriguez
1669,Clive Owen
1714,Jack Falahee
1723,Zach Galifianakis
1735,Devon Bagby
1741,Nathan Darrow
1743,Ben Crompton
1747,Tom Lipinski
1756,Steven Yeun
1763,Billy Gardell
1764,Olivia Cooke
1765,Matthew Moy
1775,Robin Lord Taylor
1776,Sophie Turner
1786,Fred Armisen
1790,Jonathan Kite
1793,Charles Dance
1794,Eric Stonestreet
1798,Kurt Metzger
1806,Rupert Friend
1808,Ernest Adams
1825,Mark Bonnar
1835,Max Thieriot
1839,Rory Kinnear
1846,Skyler Wexler
1851,Bill Hader
1852,Alan Alda
1861,Martin Wallström
1864,Santino Rice
1872,Helen Mirren
1882,Grainger Hines
1884,Cary-Hiroyuki Tagawa
1889,Milo Ventimiglia
1900,Karla Souza
1902,Gary Cole
1915,Max Borenstein
1926,Jesse Tyler Ferguson
1928,Andrew Rannells
1931,Lindsey Kraft
1936,Hector Elizondo
1948,Clara Paget
1953,Sissy Spacek
1957,Danny Strong
1958,Edie Falco
1967,Clive Standen
1973,Emma Myles
1974,John Fawcett
1976,Eric Jacobson
1988,Eréndira Ibarra
1993,Elizabeth McGovern
2001,Elden Henson
2003,Beau Willimon
2005,Gustaf Skarsgård
2007,Dirk Blocker
2009,Costa Ronin
2012,Allen Leech
2015,Nestor Carbonell
2019,Victoria Cartagena
2021,Priscilla Barnes
2025,Mozhan Marnò
2038,Ryan Eggold
2042,Jack Quaid
2055,Zuzanna Szadkowski
2057,Simon Cowell
2061,Adam Levine
2062,Graeme Manson
2064,Barry Sloane
2067,Adam David Thompson
2070,Lev Gorn
2072,J.C. MacKenzie
2079,Steve Buscemi
2081,P.J. Byrne
2083,Steve Byers
2084,Max Riemelt
2091,Hannah New
2092,Brian J. Smith
2095,Laura Regan
2101,Jack Gleeson
2103,Griffin Newman
2105,Steve Carell
2106,Spencer Daniels
2112,Kristian Bruun
2113,Stephanie Corneliussen
2127,Danny Sapani
2132,Josh McDermitt
2133,Damian Lewis
2139,Michael Sheen
2143,Tim Allen
2146,Andrew Lincoln
2149,Alexander Ludwig
2158,Kevin Dunn
2160,French Stewart
2166,Deborah Ann Woll
2169,Josh Brener
2172,Julian Glover
2187,Kat Dennings
2190,Chloë Sevigny
2206,Steven Bauer
2207,Linda Cardellini
2208,John Bradley-West
2210,Johnny Galecki
2213,Drew Powell
2221,Derek Hough
2226,Rory McCann
2232,Mario Lopez
2238,Saffron Burrows
2248,Megan Boone
2263,Josh Charles
2272,James Spader
2292,T.J. Miller
2298,Manolo Cardona
2299,Jefferson Hall
2306,Paul Ogola
2310,Hakeem Kae-Kazim
2341,Paulina Gaitan
2351,Julie Lake
2357,Alan Cumming
2375,Jimmy Fallon
2397,Chelah Horsdal
2401,Jere Burns
2407,Kevin Christy
2410,Louis Mustillo
2416,Birgitte Hjort Sørensen
2419,Norman Reedus
2424,Annet Mahendru
2426,Jimmy Kimmel
2428,Tuppence Middleton
2446,Reggie Watts
2449,Laudo Liebenberg
2456,Laurent Ruquier
2459,Enora Malagré
2469,Julien Courbet
2475,Shy'm
2484,Chantal Ladesou
2492,Yann Barthès
2493,Sophie Davant
2497,Bertrand Chameroy
2501,Laurent Gerra
2516,Patrick Timsit
2539,Xavier Niel
2543,Nathalie Péchalat
2562,Éric Lartigau
2568,Valérie Damidot
2569,Douglas Kennedy
2573,Jérôme Commandeur
2576,Laurence Boccolini
2577,François Ozon
2581,Jacques Villeret
2591,Benoît Dubois
2593,Thierry Moreau
2594,Chris Marques
2600,Laurent Delahousse
2609,Anne-Élisabeth Lemoine
2611,Charlotte Casiraghi
2620,Vincent Cerutti
2622,Joël Dicker
2629,Flavie Flament
2631,Frédéric Diefenthal
2636,Joachim Lafosse
2637,Emmanuel Mouret
2640,Vincent Perez
2641,François Damiens
2649,Élise Lucet
2653,Patrick Mille
2656,Guillaume Depardieu
2664,François Truffaut
2666,Jean-Marc Généreux
2670,Maïtena Biraben
2674,Yannis Lespert
2681,Frédéric Lopez
2695,Jalil Lespert
2708,Renaud Séchan
2711,Jérémy Michalak
2712,Victor Lanoux
2714,Thomas Jouannet
2729,Roch Voisine
2733,Laurent Ournac
2755,Élodie Gossuin-Lacherie
2756,Jérôme Niel
2773,Xavier Beauvois
2781,Évelyne Bouix
2785,Jérémie Renier
2794,Jean-Luc Delarue
2833,Alain Duhamel
2842,Mathieu Sommet
2843,Willy Rovelli
2853,Lannick Gautry
2877,Bruce Toussaint
2883,William Lebghil
2887,Pierre Kosciusko-Morizet
2900,Georges Brassens
2913,Pierre Lottin
2921,Julien Boisselier
2933,Jo Nesbø
2934,Jean-Édouard Lipa
2943,Alice David
2944,Claire Borotra
2948,Ray Bradbury
2975,François Périer
2998,Lucie Lucas
3013,Julia Faure
3020,Yodelice
3036,Jean-Luc Couchard
3037,Daniel Balavoine
3061,Alysson Paradis
3068,Annie Girardot
3076,Fernandel
3084,Marie-Josée Croze
3085,Zoé Félix
3096,Vimala Pons
3099,Lionnel Astier
3105,Rainier de Monaco
3110,Gérard Miller
3113,Emmanuel Maubert
3117,Valeria Golino
3122,David Foenkinos
3124,Thomas Hugues
3150,Peter O'Toole
3174,Hervé de Luze
3178,Jonathan Lambert
3187,Nicole Ferroni
3193,Nicole Croisille
3194,Brigitte Catillon
3198,Abbas Kiarostami
3206,Émilie Dequenne
3213,Lucas Belvaux
3216,Jocelyn Quivrin
3227,Marissa Meyer
3237,Chad Hurley
3257,Max Levchin
3261,Mark Zuckerberg
3269,Stephen Hawking
3270,Elon Musk
3277,Michel Duchaussoy
3281,Amancio Ortega Gaona
3288,Salvador Dalí
3298,Satya Nadella
3299,Reid Hoffman
3314,Christopher Hitchens
3321,Hannah Arendt
3323,Lakshmi Mittal
3341,Roland Barthes
3369,Henri Matisse
3373,Meg Whitman
3409,Michael Dell
3430,Barbara Corcoran
3490,Benjamin Graham
3499,Amit Singhal
3505,Gil Amelio
3512,Mary Barra
3525,Vic Gundotra
3536,Jan Koum
3537,Gustav Klimt
3543,David O. Sacks
3547,Evan Spiegel
3579,Marcus Lemonis
3588,Peter Andrew Buffett
3609,Carl Schmitt
3614,Ken Anderson
3620,Man Ray
3625,Julia Kristeva
3627,Chuck Palahniuk
3645,Jacques-Alain Miller
3685,André Malraux
3720,Félix Guattari
3742,Wilhelm Röntgen
3752,Scott Forstall
3758,Anil Ambani
3760,John Doerr
3781,Kurt Gödel
3784,Tim Berners-Lee
3797,Kurt Tucholsky
3838,Bernard Stiegler
3863,Roger Penrose
3875,Alexandre Bompard
3893,Ashley Olsen
3897,Dakota Johnson
3898,Patrick Swayze
3899,Eva Mendes
3910,Zoë Kravitz
3929,Black M
3948,Karl Zéro
3949,Mario Draghi
3952,Jeannette Bougrab
3953,Penélope Cruz
3956,Eva Joly
3975,Aung San Suu Kyi
3994,Bachar el-Assad
4003,Matteo Renzi
4010,Roman Abramovitch
4023,Pepe
4026,Alexis Vastine
4042,Angela Merkel
4052,Eric Trump
4053,Shinzo Abe
4056,Thomas de Maizière
4067,Catherine Middleton
4079,Chris Christie
4081,Jeb Bush
4085,David Cameron
4091,Ted Cruz
4092,Mitt Romney
4095,Chelsea Clinton
4108,Hillary Clinton
4121,Mike Pence
4127,Fabien Gilot
4128,Mireia Belmonte
4140,Sue Bird
4147,Camille Lacourt
4149,Arthur Zanetti
4173,Sun Yang
4174,Kim Il-sung
4183,Kim Jong-il
4185,Adam Peaty
4227,Barbora Strýcová
4297,Jiang Zemin
4298,Xi Jinping
4304,Zeng Qinghong
4317,Dmitri Medvedev
4319,Raphaël Guerreiro
4331,Jasper Cillessen
4342,Guus Hiddink
4360,Paul Scholes
4386,Daley Blind
4390,Joshua Kimmich
4397,Felipe Anderson Pereira Gomes
4402,Fabio Cannavaro
4404,Martin Ødegaard
4424,Ryan Giggs
4432,Antonella Mosetti
4435,Moisés Lima Magalhães
4442,Leandro Pereira
4447,Paolo Maldini
4455,Frank de Boer
4483,Rafael Benítez
4486,Jürgen Klopp
4495,Marcos Aoás Corrêa
4497,André Gomes
4499,Ilary Blasi
4511,Jesé Rodríguez
4514,Louis van Gaal
4529,Luis Enrique
4541,Christoph Waltz
4554,Francis Lawrence
4558,Paul Rudd
4564,Stephen Colbert
4566,Paul Bettany
4567,Meghan Ory
4569,Rob Lowe
4575,Jamie Dornan
4579,Arnold Schwarzenegger
4584,Matt Dillon
4593,Haley Bennett
4597,Don Cheadle
4600,Zack Snyder
4606,Daniel Radcliffe
4608,Reese Witherspoon
4609,Emma Thompson
4612,Kevin James
4618,Christopher Nolan
4622,Nicolas Cage
4633,Heath Ledger
4637,Shailene Woodley
4641,Tommy Lee Jones
4643,Richard Gere
4644,Marlon Brando
4648,Sarah Silverman
4650,Jonny Lee Miller
4657,Julia Stiles
4664,Renée Zellweger
4669,Denzel Washington
4672,Cate Blanchett
4673,Seth Rogen
4674,Edward Norton
4679,Jeremy Renner
4685,David O. Russell
4690,Sylvester Stallone
4691,Diane Kruger
4704,Jason Statham
4705,Quentin Tarantino
4708,Josh Hutcherson
4716,Ewan McGregor
4717,Emma Watson
4727,Chris Hemsworth
4734,Mia Wasikowska
4737,Mark Ruffalo
4741,Scarlett Johansson
4743,Jonah Hill
4744,Ralph Fiennes
4745,Nicole Kidman
4746,James Franco
4747,Woody Harrelson
4751,Kery James
4752,Brad Pitt
4762,David Rachline
4766,Bradley Cooper
4771,Judi Dench
4788,Clint Eastwood
4796,Raymond Barre
4811,Robert Ménard
4815,Christine Boutin
4824,Stéphane Le Foll
4825,Xavier Bertrand
4854,Manuel Valls
4856,Marine Le Pen
4857,Nadine Morano
4864,François Baroin
4874,Michel Onfray
4898,Fidel Castro
4929,Vinod Dham
4931,Jeffrey Dean Morgan
4969,Jeremy Brett
4995,Christian Morgenstern
5017,Erich Kästner
5059,John de Mol
5081,Li Hejun
5096,Takaaki Kajita
5150,Tristan Tzara
5166,Ilan Eshkeri
5169,Peter Sloterdijk
5198,Sami Naïr
5244,John Wesley Shipp
5294,Paul Nizan
5311,Jason Calacanis
5331,Mark Fields
5335,Ben Mezrich
5379,Nicolas Bouzou
5402,Franz Werfel
5410,Kenneth Fisher
5423,Sam Lantinga
5427,Joe Gebbia
5433,Marie Modiano
5516,Anthony Noto
5528,Ron Ely
5536,Biz Stone
5548,Paul Wittgenstein
5584,Lori Goldstein
5588,Consuelo de Saint-Exupéry
5601,Fabrice Colin
5649,Tom Waits
5791,Italo Calvino
5825,Alexander Veljanov
5835,Cyprien Katsaris
5858,Arlene Dickinson
5877,Jorge Alemán
5888,Frei Betto
5914,Moacir Gadotti
5951,Christopher Buckley
5954,Mario Sergio Cortella
5971,Isabella Calthorpe
5978,Peter MacKay
5984,Raymond Radiguet
6026,Georges Perec
6066,Ma Huateng
6075,John Steinbeck
6084,Howard Schultz
6094,Jeremy Sumpter
6112,Arthur C. Clarke
6121,Brian Acton
6122,Robert Desnos
6129,Brannon Braga
6143,Isaac Asimov
6160,Carol Bartz
6193,Roger Moore
6195,Steven Seagal
6213,Edsel Ford II
6220,Omid Kordestani
6223,Rosie Huntington-Whiteley
6237,Vincent Cespedes
6268,Ghaleb Bencheikh
6278,Elodie Ageron
6284,Cyril Lignac
6299,J.J. Abrams
6310,Dorothée
6311,François Valéry
6319,Judd Apatow
6328,Phil Collins
6329,David Arquette
6342,Izabel Goulart
6353,Jamie Lee Curtis
6356,Dominic Monaghan
6357,Cheryl Cole
6362,Maggie Grace
6369,Bryan Adams
6373,Lionel Richie
6376,Josh Brolin
6380,Laurent Romejko
6386,Haakon de Norvège
6397,Evan Rachel Wood
6401,Domhnall Gleeson
6426,Philippe Bas
6437,Rebecca Hall
6455,John Cusack
6458,Stana Katic
6459,David Fincher
6468,David Cronenberg
6477,Ellen Page
6482,Bruce Springsteen
6485,Elizabeth Olsen
6493,William d'Angleterre
6495,Amy Winehouse
6500,Stéphane Rotenberg
6502,Tim Roth
6516,Victoria Beckham
6518,Jennifer Lauret
6524,Steven Soderbergh
6549,Sandra Lou
6564,Charlène de Monaco
6567,Elton John
6585,Hayley Atwell
6587,Claude Nougaro
6598,Lupita Nyong'o
6607,Nathalie Vincent
6612,Stanley Kubrick
6613,Toni Collette
6618,Thierry Frémont
6630,Christophe Barbier
6631,Dennis Quaid
6645,Adam Brody
6646,Agyness Deyn
6658,Ashley Greene
6663,Bono
6669,Daniel Westling
6672,Camille Muffat
6674,Lily Cole
6681,Kyle MacLachlan
6690,Rupert Grint
6691,Pete Doherty
6696,Patricia Arquette
6715,Val Kilmer
6722,John Turturro
6732,Benoît Paire
6738,Chet Hanks
6739,Charles Villeneuve
6750,Cody Walker
6751,Debbie Rowe
6761,Deborra-Lee Furness
6821,Lara Bingle
6845,Robert Buckley
6850,Sadek
6852,Renaud Capuçon
6854,Rosabell Laurenti Sellers
6879,Walton Goggins
6881,Yoann Fréget
6915,Damon Albarn
6919,Colton Haynes
6933,Jade Pradin
6938,Frédérique Lantieri
6965,James Righton
6967,Jennifer Carpenter
6972,Mamie Gummer
6992,Ola Rapace
7013,Terry Richardson
7034,Alexandre Jardin
7043,Carlos Santana
7054,Thomas Sadoski
7083,Chelsy Davy
7086,Jacques Chancel
7091,Blanche Gardin
7104,Laura Tenoudji
7116,Odette Annable
7120,Oscar Pistorius
7122,Nathan Fillion
7127,Peter MacNicol
7139,Vincent Clerc
7145,Thomas Hollande
7152,Amos Gitaï
7160,Alexis Trégarot
7165,Alber Elbaz
7168,Benoît Dorémus
7188,Asaf Avidan
7216,Elena Anaya
7218,Haylie Duff
7222,Jim Morrison
7228,Demis Roussos
7240,François Civil
7247,Liya Kebede
7264,Joe Pesci
7280,Nonce Paolini
7296,Ronnie Wood
7297,Aaron Eckhart
7310,Armie Hammer
7314,Robin Tunney
7328,Blandine Bellavoir
7333,Gérald Dahan
7335,Austin Butler
7340,Carole Dechantre
7370,Kaya Scodelario
7393,Michael Shannon
7405,Plastic Bertrand
7411,Stephenie Meyer
7412,Pascal Brunner
7417,Philippe Lelièvre
7418,Josh Groban
7423,Sarah Wayne Callies
7430,Vincent Macaigne
7459,Anne Heche
7460,Ana Ivanovic
7471,Sullivan Stapleton
7472,Denis Olivennes
7477,Erika Choperena
7478,Dean McDermott
7484,Elisabeth Moss
7489,Boris Becker
7494,Gordon Ramsay
7512,Joan Baez
7522,John C. Reilly
7524,Jérôme Daran
7532,Chris O'Neill
7533,Lennie James
7549,Marc Jolivet
7553,Olivier Galzi
7567,Alexander Skarsgard
7568,Sheryl Crow
7570,Annie Lennox
7586,Philippe Lavil
7589,Camille Raymond
7591,Christophe Michalak
7598,Darren Aronofsky
7600,Constance Jablonski
7602,Yaël Abecassis
7604,Daniel Brühl
7606,Dane DeHaan
7611,Wong Kar-Wai
7615,Gary Barlow
7620,Garrett Hedlund
7621,Gérard Vivès
7623,Céline Sciamma
7628,Geraldine Chaplin
7634,James Dean
7635,Claude Sérillon
7640,Jakie Quartz
7641,Jonathan Rhys Meyers
7643,Kenneth Branagh
7656,Julie Andrews
7659,Jean-Yves Lafesse
7660,Michael C. Hall
7661,Florian Zeller
7668,Marie-Amélie Seigner
7687,Rosanna Arquette
7688,Rebecca Gayheart
7693,Peter Gabriel
7698,Pierre Ménès
7708,Woodkid
7716,Brendan Fraser
7719,Blake Jenner
7724,Cécile de Ménibus
7737,Cressida Bonas
7739,David Hasselhoff
7740,Cobie Smulders
7741,Charlie Winston
7742,Emma Bunton
7745,Claude Barzotti
7747,Franck Sémonin
7752,Don Johnson
7775,Laurent Luyat
7780,Julio Iglesias
7795,Kévin Azaïs
7799,Neve Campbell
7802,Patrick Puydebat
7811,Mathilde de Belgique
7816,Mary-Louise Parker
7817,Vahina Giocante
7821,Tom Sturridge
7829,Stéphane Bak
7841,Virginie Lemoine
7863,Charlie Hunnam
7865,Catherine Matausch
7869,Iwan Rheon
7875,Gil Alma
7876,Cynthia Nixon
7885,Jessica Capshaw
7891,David Boreanaz
7892,Kim Cattrall
7894,Kathleen Turner
7895,Macaulay Culkin
7896,Josh Duhamel
7898,Marie-George Buffet
7909,Ezra Miller
7922,Tea Leoni
7924,Philippe Manoeuvre
7926,Roméo Sarfati
7936,Melissa Joan Hart
7958,Andrea Bocelli
7965,Danny DeVito
7966,Brooklyn Beckham
7974,Sebastian Stan
7977,Gilles Simon
7984,Doug Savant
8000,Holly Marie Combs
8007,Helena Christensen
8009,Nicolas Winding Refn
8013,Guy Ritchie
8014,Moby
8020,Nelly Furtado
8025,Pierre Bachelet
8029,Rossy de Palma
8031,Philippe Candeloro
8039,Sam Mendes
8041,Michael Bublé
8043,Simon Baker
8058,Josh Holloway
8059,Joel Edgerton
8063,Kevin Bacon
8065,John Mayer
8067,Augustin Trapenard
8071,Nathanaël de Rincquesen
8072,Matthias Schoenaerts
8076,Marine Delterme
8079,Guy Lagache
8080,Natalia Tena
8081,Penn Badgley
8086,Patrick Juvet
8092,Sofia Hellqvist
8099,Prince Andrew
8113,Bernard Montiel
8130,Emily Watson
8141,Jeremstar
8148,Louka Meliava
8176,Holt McCallany
8184,Sam Huntington
8203,Alycia Debnam-Carey
8207,Andi Eigenmann
8211,tom villa
8212,Bruno Beschizza
8224,Fabian Le Castel
8266,Kelly Frye
8267,Daniel Goddard
8271,Jared Breeze
8272,Robert Gant
8294,Christian LeBlanc
8309,Jason Thompson
8315,Billy Miller
8368,Marc Antoine Le Bret
8376,Julien Mielcarek
8377,Jean Baptiste Goupil
8390,Paul Morlet
8400,Hervé Mathoux
8403,Victor Robert
8406,Nicolas Tourriol
8434,Michel Merkt
8456,Fabien Gaffez
8459,Eric Khoo
8477,Richard Ferrand
8498,Mounir Mahjoubi
8505,Brigitte Macron
8526,Sylvia Pinel
8554,Vincent Chriqui
8556,Caroline de Haas
8558,Razzy Hammadi
8559,Gaylord Le Chequer
8563,Philippe Rio
8576,vincent peillon
8585,Mike Dubke
8587,Xavier Bettel
8609,Yorgos Lanthimos
8611,Annica Liljeblad
8616,Matvey Novikov
8628,Andrey Zvyagintsev
8637,Nicolas Mahut
8672,Yves Jégo
8696,Sophie Gastrin
8697,Jean-Baptiste Marteau
8711,Mark Rutte
8790,Jean-Rémi Baudot
8867,Typhanie Degois
8874,Jean-Baptiste Lemoyne
8880,Edgar Wright
8887,Warren Barguil
8920,Jake McDorman
8925,CLÉMENCE GABRIEL
8931,Keir O'Donnell
8933,GRÉGOIRE OESTERMANN
8955,Jimmi Simpson
8958,Lucas Black
8963,John Brotherton
8973,Grégoire Ludig
8983,Marc Beaugé
8986,Julien Pasquet
9007,Anaïs delva
9010,Christian Kern
9012,Clémentine autain
9025,Thomas oliveau
9032,Sébastien denaja
9035,Tanguy de lanlay
9039,sebastien jumel
9040,Sebastien Pietrasanta
9055,Jérôme Vérité
9059,jeremy broassard
9063,Jérémy Trottin
9065,Jean-Luc Moudenc
9068,Jean marc Dumontet
9078,Frédérique Rolet
9081,Etienne Lejeune
9086,francois kalfon
9096,Franck Riester
9115,anthony bellanger
9122,Wes Bentley
9126,Sibel Kekilli
9131,John Lithgow
9135,Clark Gregg
